year,country,ec,GDP
1971,Argentina,1380.921398,1366.354726
1972,Argentina,1379.818923,1401.487795
1973,Argentina,1411.496781,2083.972218
1974,Argentina,1415.682954,2824.650915
1975,Argentina,1378.546993,2011.68904
1976,Argentina,1404.744778,1932.590782
1977,Argentina,1420.567765,2112.501173
1978,Argentina,1426.91926,2129.313793
1979,Argentina,1484.565823,2501.480753
1980,Argentina,1487.617079,2738.284723
1981,Argentina,1430.440084,2756.396981
1982,Argentina,1416.540023,2907.757627
1983,Argentina,1419.930165,3530.131783
1984,Argentina,1447.819825,2643.369398
1985,Argentina,1360.665414,2909.51661
1986,Argentina,1421.546979,3595.085898
1987,Argentina,1477.043426,3546.71882
1988,Argentina,1504.819091,3969.327412
1989,Argentina,1441.482265,2375.339103
1990,Argentina,1407.38675,4318.7747
1991,Argentina,1430.514982,5715.504397
1992,Argentina,1483.779437,6798.026763
1993,Argentina,1468.220775,6940.350358
1994,Argentina,1541.657524,7449.48039
1995,Argentina,1544.355772,7373.428246
1996,Argentina,1582.138202,7683.574065
1997,Argentina,1613.918988,8172.664323
1998,Argentina,1650.343735,8248.761989
1999,Argentina,1659.992827,7736.369623
2000,Argentina,1661.117041,7669.273916
2001,Argentina,1562.68636,7170.694674
2002,Argentina,1502.037194,2579.193168
2003,Argentina,1589.545082,3330.437006
2004,Argentina,1717.650525,4251.574348
2005,Argentina,1709.572352,5076.883829
2006,Argentina,1840.440442,5878.761027
2007,Argentina,1845.098116,7193.61764
2008,Argentina,1923.139812,8953.359275
2009,Argentina,1850.861533,8161.306966
2010,Argentina,1908.28056,10276.2605
2011,Argentina,1933.523032,12726.90836
2012,Argentina,1920.080959,12969.70712
2013,Argentina,1951.439454,12976.63642
2014,Argentina,2015.18704,12245.25645
1971,Australia,3989.629744,3489.086601
1972,Australia,4035.206344,3942.81242
1973,Australia,4264.271226,4762.479304
1974,Australia,4294.161626,6471.554165
1975,Australia,4345.871446,6992.538975
1976,Australia,4405.702986,7474.862358
1977,Australia,4671.195674,7763.130772
1978,Australia,4629.618471,8239.954825
1979,Australia,4683.853176,9279.253595
1980,Australia,4737.482031,10191.81606
1981,Australia,4694.676425,11830.86532
1982,Australia,4817.489524,12763.32361
1983,Australia,4555.146203,11515.80647
1984,Australia,4651.712429,12428.85793
1985,Australia,4602.95653,11434.88989
1986,Australia,4623.739075,11360.52766
1987,Australia,4772.370465,11623.35967
1988,Australia,4702.841606,14257.02216
1989,Australia,5001.103102,17801.26827
1990,Australia,5061.508459,18214.83698
1991,Australia,4927.78159,18824.2474
1992,Australia,4959.214919,18569.76879
1993,Australia,5147.53665,17633.38138
1994,Australia,5089.788967,18045.43906
1995,Australia,5129.223661,20319.63063
1996,Australia,5393.580635,21861.32551
1997,Australia,5469.599989,23468.59683
1998,Australia,5553.653466,21318.96417
1999,Australia,5610.344711,20521.77757
2000,Australia,5644.064951,21669.41091
2001,Australia,5446.973214,19482.5679
2002,Australia,5569.640992,20074.22931
2003,Australia,5568.764941,23437.31215
2004,Australia,5598.088178,30401.55479
2005,Australia,5564.087169,33961.6818
2006,Australia,5709.344668,36019.20305
2007,Australia,5868.347097,40905.47089
2008,Australia,5964.665776,49535.25787
2009,Australia,5862.551944,42709.8033
2010,Australia,5793.116026,51936.88871
2011,Australia,5745.23219,62411.78545
2012,Australia,5573.078304,67864.68986
2013,Australia,5464.192602,67990.29003
2014,Australia,5328.223992,62327.55594
1971,Brazil,714.0384824,503.4787661
1972,Brazil,746.8821422,584.5506848
1973,Brazil,799.138597,772.8187913
1974,Brazil,830.3170514,1000.634253
1975,Brazil,846.4489867,1149.586121
1976,Brazil,867.5287839,1385.29853
1977,Brazil,875.466416,1560.86306
1978,Brazil,909.7173434,1737.367552
1979,Brazil,944.6769755,1901.001325
1980,Brazil,939.677844,1939.790876
1981,Brazil,880.5990197,2124.962989
1982,Brazil,874.7583378,2218.890515
1983,Brazil,876.3171933,1565.297832
1984,Brazil,912.2096389,1573.967139
1985,Brazil,953.397735,1643.196503
1986,Brazil,977.6522673,1936.016335
1987,Brazil,995.6993558,2081.665262
1988,Brazil,990.0154958,2294.401695
1989,Brazil,991.4411954,2901.285449
1990,Brazil,938.7675483,3093.037479
1991,Brazil,940.0013727,3966.795488
1992,Brazil,933.9005938,2591.797116
1993,Brazil,941.624461,2786.171356
1994,Brazil,975.3157574,3494.640541
1995,Brazil,992.5945404,4740.119813
1996,Brazil,1028.801745,5156.809075
1997,Brazil,1064.048038,5271.412222
1998,Brazil,1072.764068,5075.631211
1999,Brazil,1080.641098,3469.502237
2000,Brazil,1069.337465,3739.116139
2001,Brazil,1072.917289,3146.948904
2002,Brazil,1086.6367,2819.64812
2003,Brazil,1090.388978,3059.586507
2004,Brazil,1136.968243,3623.049912
2005,Brazil,1152.016339,4770.183845
2006,Brazil,1178.850905,5860.145829
2007,Brazil,1232.601682,7313.557773
2008,Brazil,1288.117286,8787.610658
2009,Brazil,1233.753632,8553.381368
2010,Brazil,1351.028896,11224.15408
2011,Brazil,1359.122359,13167.47289
2012,Brazil,1404.755271,12291.46685
2013,Brazil,1451.167804,12216.90446
2014,Brazil,1484.926638,12026.61939
1971,Canada,6530.335563,4586.255848
1972,Canada,6933.606552,5141.616725
1973,Canada,7123.379215,5870.600564
1974,Canada,7100.548092,7043.474351
1975,Canada,7150.106812,7489.940531
1976,Canada,7272.550047,8783.721592
1977,Canada,7409.530005,8892.76168
1978,Canada,7538.842944,9096.058722
1979,Canada,7837.769659,10012.44397
1980,Canada,7804.220103,11135.43799
1981,Canada,7530.945261,12297.78569
1982,Canada,7149.34406,12439.74784
1983,Canada,7051.629557,13377.89565
1984,Canada,7341.51922,13826.64999
1985,Canada,7439.342071,14060.46178
1986,Canada,7492.11338,14403.8287
1987,Canada,7641.324105,16245.45168
1988,Canada,7854.972039,18864.26292
1989,Canada,7933.567077,20638.29005
1990,Canada,7602.674931,21371.2911
1991,Canada,7481.503838,21664.59864
1992,Canada,7562.148126,20771.25035
1993,Canada,7730.486647,20017.42985
1994,Canada,7926.839246,19859.20398
1995,Canada,7965.846767,20577.48939
1996,Canada,8036.713321,21183.22008
1997,Canada,8034.414784,21770.13408
1998,Canada,7924.030924,20887.83947
1999,Canada,8081.486957,22167.22585
2000,Canada,8242.524659,24124.16917
2001,Canada,8040.538899,23691.59472
2002,Canada,7993.389739,24167.80431
2003,Canada,8332.923854,28172.14883
2004,Canada,8441.184873,31979.87195
2005,Canada,8404.245915,36189.58838
2006,Canada,8240.11562,40386.69948
2007,Canada,8213.663506,44544.5268
2008,Canada,8195.212306,46596.33599
2009,Canada,7797.196259,40773.45436
2010,Canada,7788.472606,47447.47602
2011,Canada,7910.75935,52082.21076
2012,Canada,7725.328308,52496.69487
2013,Canada,7728.434071,52418.31506
2014,Canada,7876.094108,50633.20882
1971,China,464.933157,118.6545778
1972,China,477.1687087,131.8835612
1973,China,483.7173753,157.0903743
1974,China,486.1679858,160.1400937
1975,China,527.4883375,178.3418196
1976,China,537.1747315,165.4055404
1977,China,577.2110106,185.4228329
1978,China,617.1549011,156.3963885
1979,China,619.0436623,183.9831522
1980,China,609.4551957,194.8047222
1981,China,597.1467101,197.0714745
1982,China,606.8304373,203.3349195
1983,China,621.9107172,225.4319289
1984,China,651.0749586,250.713969
1985,China,657.7597361,294.4588485
1986,China,671.2095033,281.9281209
1987,China,694.42236,251.811957
1988,China,720.3414958,283.5376952
1989,China,724.1161051,310.8819124
1990,China,766.9953294,317.884673
1991,China,736.8518014,333.1421454
1992,China,752.6286625,366.4606923
1993,China,788.1287236,377.3898395
1994,China,816.16289,473.4922787
1995,China,866.8343743,609.6566792
1996,China,881.6537374,709.4137551
1997,China,871.7563238,781.7441643
1998,China,869.3586073,828.5804793
1999,China,878.5245355,873.2870617
2000,China,898.9873131,959.3724836
2001,China,928.8114337,1053.108243
2002,China,984.8107146,1148.50829
2003,China,1118.431773,1288.643252
2004,China,1268.132904,1508.668098
2005,China,1393.691324,1753.417829
2006,China,1515.173678,2099.229435
2007,China,1630.171029,2695.365917
2008,China,1672.90412,3471.248054
2009,China,1778.433519,3838.433972
2010,China,1954.722556,4560.512586
2011,China,2086.486904,5633.795717
2012,China,2155.164788,6337.883323
2013,China,2213.759327,7077.770765
2014,China,2236.729908,7683.502613
1971,"Congo. Dem. Rep.",324.8055658,272.0812669
1972,"Congo. Dem. Rep.",324.4067037,292.31401
1973,"Congo. Dem. Rep.",326.9249327,362.8637898
1974,"Congo. Dem. Rep.",326.9191766,430.7254318
1975,"Congo. Dem. Rep.",326.2049577,447.0002873
1976,"Congo. Dem. Rep.",322.0248371,409.548544
1977,"Congo. Dem. Rep.",322.6937567,509.0998787
1978,"Congo. Dem. Rep.",322.2926544,616.0216602
1979,"Congo. Dem. Rep.",327.1099269,587.1908016
1980,"Congo. Dem. Rep.",321.2018669,546.1423977
1981,"Congo. Dem. Rep.",328.4358257,463.6859364
1982,"Congo. Dem. Rep.",320.8681628,492.5317093
1983,"Congo. Dem. Rep.",333.49144,387.4937757
1984,"Congo. Dem. Rep.",341.8261727,269.8259433
1985,"Congo. Dem. Rep.",333.0622579,240.7701781
1986,"Congo. Dem. Rep.",330.8309726,263.8145604
1987,"Congo. Dem. Rep.",335.0568762,242.996146
1988,"Congo. Dem. Rep.",337.6481114,273.1246877
1989,"Congo. Dem. Rep.",335.6892563,269.5874462
1990,"Congo. Dem. Rep.",340.8487597,270.1105809
1991,"Congo. Dem. Rep.",328.9062386,268.0073444
1992,"Congo. Dem. Rep.",322.084471,220.2996713
1993,"Congo. Dem. Rep.",315.9467466,275.6958231
1994,"Congo. Dem. Rep.",305.7492283,144.5206699
1995,"Congo. Dem. Rep.",308.5832291,135.6734808
1996,"Congo. Dem. Rep.",310.3064576,134.939947
1997,"Congo. Dem. Rep.",308.1272876,138.964642
1998,"Congo. Dem. Rep.",308.5583357,138.615476
1999,"Congo. Dem. Rep.",302.6800103,102.6447985
2000,"Congo. Dem. Rep.",295.4088427,405.4696531
2001,"Congo. Dem. Rep.",297.0128448,153.6995733
2002,"Congo. Dem. Rep.",298.4435713,175.1360715
2003,"Congo. Dem. Rep.",300.2105486,173.9163518
2004,"Congo. Dem. Rep.",302.5005724,194.1667863
2005,"Congo. Dem. Rep.",304.3472655,218.5235092
2006,"Congo. Dem. Rep.",305.8663077,255.5913138
2007,"Congo. Dem. Rep.",306.8263273,286.5075372
2008,"Congo. Dem. Rep.",307.846518,327.7676543
2009,"Congo. Dem. Rep.",306.7412003,298.8069562
2010,"Congo. Dem. Rep.",307.6133487,334.2317025
2011,"Congo. Dem. Rep.",315.9632511,387.3235796
2012,"Congo. Dem. Rep.",379.1481403,424.8593185
2013,"Congo. Dem. Rep.",385.4002227,458.2384062
2014,"Congo. Dem. Rep.",389.5673879,487.0814869
1971,Germany,3895.264726,3180.055927
1972,Germany,4017.337385,3795.566081
1973,Germany,4240.061862,5027.660309
1974,Germany,4158.271626,5617.741721
1975,Germany,3984.974239,6212.763127
1976,Germany,4314.581637,6609.753392
1977,Germany,4336.087404,7653.884711
1978,Germany,4483.880847,9446.166785
1979,Germany,4685.296728,11238.34067
1980,Germany,4562.295973,12092.38185
1981,Germany,4399.499823,10170.44628
1982,Germany,4257.864407,9876.228232
1983,Germany,4268.048912,9827.022409
1984,Germany,4447.316635,9277.932299
1985,Germany,4598.138495,9393.891691
1986,Germany,4589.153656,13410.8971
1987,Germany,4616.397062,16614.4101
1988,Germany,4629.177666,17863.4379
1989,Germany,4514.704706,17697.16351
1990,Germany,4421.364531,22219.57253
1991,Germany,4302.891175,23269.3818
1992,Germany,4190.98422,26333.53744
1993,Germany,4122.69574,25488.51952
1994,Germany,4088.79813,27087.55845
1995,Germany,4119.688948,31729.69976
1996,Germany,4246.553191,30564.24781
1997,Germany,4203.357367,27045.71913
1998,Germany,4177.294129,27340.67288
1999,Germany,4079.933344,26795.99113
2000,Germany,4094.06036,23718.7467
2001,Germany,4209.796087,23687.31689
2002,Germany,4108.401299,25205.16445
2003,Germany,4084.503346,30359.95215
2004,Germany,4114.389928,34165.93403
2005,Germany,4086.503407,34696.62092
2006,Germany,4204.654689,36447.87232
2007,Germany,3985.811955,41814.8191
2008,Germany,4036.830781,45699.19832
2009,Germany,3790.501152,41732.70725
2010,Germany,3997.079421,41785.55691
2011,Germany,3869.816229,46810.32796
2012,Germany,3876.948104,44065.24891
2013,Germany,3939.529563,46530.91143
2014,Germany,3779.461921,48042.56343
1971,Spain,1244.903226,1358.465747
1972,Spain,1295.60968,1704.167361
1973,Spain,1473.952331,2241.448847
1974,Spain,1580.126019,2742.455585
1975,Spain,1607.74131,3201.119201
1976,Spain,1707.886189,3270.405729
1977,Spain,1661.179074,3617.737759
1978,Spain,1757.396264,4344.606706
1979,Spain,1768.794179,5754.542183
1980,Spain,1805.590731,6191.714945
1981,Spain,1820.104124,5356.577832
1982,Spain,1760.399907,5145.694384
1983,Spain,1781.47221,4466.336264
1984,Spain,1813.424443,4477.793724
1985,Spain,1843.193254,4686.891069
1986,Spain,1875.778186,6495.811997
1987,Spain,1916.767548,8217.234257
1988,Spain,2065.722445,9676.769252
1989,Spain,2269.013328,10652.95797
1990,Spain,2317.476774,13767.38147
1991,Spain,2397.714173,14771.6723
1992,Spain,2430.374523,16068.42672
1993,Spain,2318.982989,13303.67613
1994,Spain,2436.012362,13378.84984
1995,Spain,2537.07268,15429.93942
1996,Spain,2489.340422,16069.20709
1997,Spain,2634.649128,14696.21611
1998,Spain,2756.218907,15340.33211
1999,Spain,2877.982414,15678.21523
2000,Spain,3003.761672,14676.70609
2001,Spain,3060.881809,15323.6114
2002,Spain,3107.867341,17019.53541
2003,Spain,3157.227264,21495.70741
2004,Spain,3238.502447,24918.64584
2005,Spain,3251.397133,26510.71745
2006,Spain,3194.081246,28482.60948
2007,Spain,3180.03342,32709.40104
2008,Spain,3026.338408,35579.30993
2009,Spain,2757.691412,32334.00548
2010,Spain,2742.877182,30736.62785
2011,Spain,2689.684337,31835.2888
2012,Spain,2683.367935,28563.85904
2013,Spain,2512.105919,29211.77375
2014,Spain,2464.641291,29623.16445
1971,Ethiopia,475.6606783,
1972,Ethiopia,473.9046905,
1973,Ethiopia,474.3744221,
1974,Ethiopia,473.9250404,
1975,Ethiopia,471.9522977,
1976,Ethiopia,471.8278103,
1977,Ethiopia,471.417826,
1978,Ethiopia,472.620807,
1979,Ethiopia,473.1600771,
1980,Ethiopia,473.4599828,
1981,Ethiopia,474.0822111,202.7919376
1982,Ethiopia,472.7981761,207.5479863
1983,Ethiopia,473.1959819,223.7872069
1984,Ethiopia,471.9290193,204.8721662
1985,Ethiopia,471.7938768,232.3715877
1986,Ethiopia,473.4021941,233.8183804
1987,Ethiopia,476.0032946,242.0451601
1988,Ethiopia,475.6061507,242.7873277
1989,Ethiopia,476.0021398,247.0265475
1990,Ethiopia,476.9244251,253.1929484
1991,Ethiopia,476.1016134,270.2443935
1992,Ethiopia,470.4548123,203.1645022
1993,Ethiopia,472.873495,164.9584363
1994,Ethiopia,474.4062645,124.9830454
1995,Ethiopia,475.8434322,133.7288539
1996,Ethiopia,476.7061186,144.5003524
1997,Ethiopia,475.7109343,140.8611257
1998,Ethiopia,476.0961415,124.5056232
1999,Ethiopia,475.4754382,119.1340818
2000,Ethiopia,476.2457634,123.8762057
2001,Ethiopia,480.0611695,120.1789279
2002,Ethiopia,480.2572562,111.3634356
2003,Ethiopia,481.5455463,118.8734466
2004,Ethiopia,482.1302093,135.7623858
2005,Ethiopia,480.5092225,161.6266248
2006,Ethiopia,481.721726,193.7949056
2007,Ethiopia,483.6422493,243.3026822
2008,Ethiopia,485.1888129,325.3825543
2009,Ethiopia,485.6928927,379.7566385
2010,Ethiopia,486.34232,341.3099092
2011,Ethiopia,489.6818049,354.8463544
2012,Ethiopia,490.6903769,468.5067249
2013,Ethiopia,494.728454,502.1535887
2014,Ethiopia,496.8146013,571.1622759
1971,Finland,3939.211088,2718.207552
1972,Finland,4188.160677,3180.005873
1973,Finland,4507.556984,4176.272761
1974,Finland,4383.848118,5301.542778
1975,Finland,4181.810657,6260.191279
1976,Finland,4459.859609,6744.696982
1977,Finland,4516.248068,7074.35653
1978,Finland,4664.523176,7634.482408
1979,Finland,4963.535508,9339.177076
1980,Finland,5146.642299,11232.27456
1981,Finland,4934.588468,10934.56809
1982,Finland,4805.493882,10945.27734
1983,Finland,4823.858831,10505.83366
1984,Finland,4910.523018,10841.56713
1985,Finland,5269.892371,11405.93365
1986,Finland,5482.578423,14962.25536
1987,Finland,5960.692586,18580.65865
1988,Finland,5590.436514,22056.70175
1989,Finland,5753.639283,23983.84575
1990,Finland,5691.571186,28380.54891
1991,Finland,5742.784229,25503.21521
1992,Finland,5380.993068,22337.48712
1993,Finland,5617.215378,17617.03044
1994,Finland,5972.554273,20305.58355
1995,Finland,5661.903876,26273.4659
1996,Finland,6070.212094,25777.6413
1997,Finland,6276.951692,24676.49708
1998,Finland,6319.326601,25989.4075
1999,Finland,6283.958258,26178.79178
2000,Finland,6262.192079,24253.25042
2001,Finland,6410.625234,24913.24452
2002,Finland,6728.581405,26834.02625
2003,Finland,7077.026649,32816.16088
2004,Finland,7134.854209,37636.11173
2005,Finland,6562.022311,38969.17163
2006,Finland,7111.856822,41120.67651
2007,Finland,6974.896761,48288.5491
2008,Finland,6669.173348,53401.31487
2009,Finland,6268.300545,47107.15571
2010,Finland,6828.783753,46202.41516
2011,Finland,6537.637298,50790.72415
2012,Finland,6275.770964,47415.55987
2013,Finland,6116.227294,49638.07713
2014,Finland,6213.357766,49914.61864
1971,France,3021.52658,3162.448246
1972,France,3160.804837,3842.468177
1973,France,3370.715782,4948.046817
1974,France,3235.810603,5299.546575
1975,France,3040.628745,6650.968966
1976,France,3228.60445,6826.344825
1977,France,3155.621469,7491.710345
1978,France,3353.634615,9221.592767
1979,France,3482.360049,11136.34164
1980,France,3465.260917,12672.18125
1981,France,3369.710252,11073.90623
1982,France,3272.052745,10470.65989
1983,France,3339.633548,9969.840237
1984,France,3440.374205,9397.495188
1985,France,3588.714432,9739.092057
1986,France,3622.969063,13503.14102
1987,France,3690.651453,16251.41264
1988,France,3652.298741,17615.99146
1989,France,3780.079086,17620.5602
1990,France,3828.40926,21690.62912
1991,France,4043.099021,21675.06425
1992,France,3954.003194,23813.71184
1993,France,4001.901525,22380.10396
1994,France,3836.112351,23496.52332
1995,France,3981.352509,26890.21988
1996,France,4191.923833,26871.82902
1997,France,4049.232508,24228.94235
1998,France,4151.627195,24974.2722
1999,France,4123.526271,24673.19897
2000,France,4135.477644,22364.02939
2001,France,4246.004942,22433.55571
2002,France,4225.467969,24177.33517
2003,France,4270.949456,29568.38595
2004,France,4301.737225,33741.26515
2005,France,4287.157413,34760.18777
2006,France,4188.84293,36443.62344
2007,France,4115.52724,41508.43269
2008,France,4110.585339,45334.11091
2009,France,3913.457397,41575.41618
2010,France,4016.847947,40638.334
2011,France,3847.073024,43790.7354
2012,France,3836.65776,40874.71596
2013,France,3833.535711,42592.95152
2014,France,3658.865709,43008.65257
1971,United Kingdom,3733.282998,2649.801514
1972,United Kingdom,3747.962475,3030.432514
1973,United Kingdom,3880.650174,3426.276221
1974,United Kingdom,3734.841652,3665.862798
1975,United Kingdom,3545.817134,4299.745618
1976,United Kingdom,3616.975534,4138.167788
1977,United Kingdom,3695.383871,4681.439932
1978,United Kingdom,3675.435273,5976.938169
1979,United Kingdom,3858.975965,7804.762081
1980,United Kingdom,3523.648842,10032.06208
1981,United Kingdom,3415.37757,9599.306222
1982,United Kingdom,3397.122289,9146.077357
1983,United Kingdom,3377.904913,8691.518813
1984,United Kingdom,3370.524943,8179.194441
1985,United Kingdom,3550.783791,8652.216542
1986,United Kingdom,3597.944694,10611.11221
1987,United Kingdom,3619.077269,13118.58653
1988,United Kingdom,3643.006881,15987.16808
1989,United Kingdom,3626.297861,16239.2822
1990,United Kingdom,3597.051621,19095.467
1991,United Kingdom,3707.951971,19900.72665
1992,United Kingdom,3684.724535,20487.17079
1993,United Kingdom,3713.185819,18389.01957
1994,United Kingdom,3732.521114,19709.2381
1995,United Kingdom,3728.963152,23013.45882
1996,United Kingdom,3879.822786,24219.62285
1997,United Kingdom,3760.712365,26621.48006
1998,United Kingdom,3787.108452,28014.8947
1999,United Kingdom,3784.074088,28383.66891
2000,United Kingdom,3785.753126,27982.35576
2001,United Kingdom,3784.928174,27427.5875
2002,United Kingdom,3685.869487,29785.98629
2003,United Kingdom,3731.609718,34173.97998
2004,United Kingdom,3694.478595,39983.98467
2005,United Kingdom,3686.359905,41732.64054
2006,United Kingdom,3598.810406,44252.31582
2007,United Kingdom,3441.640219,50134.3161
2008,United Kingdom,3361.980517,46767.59222
2009,United Kingdom,3145.585662,38262.18213
2010,United Kingdom,3230.615984,38893.01849
2011,United Kingdom,2972.14799,41412.34924
2012,United Kingdom,3042.855811,41790.77914
2013,United Kingdom,2987.702778,42724.06788
2014,United Kingdom,2776.844098,46783.46922
1971,Indonesia,297.2005783,79.15008665
1972,Indonesia,301.3579858,90.84449531
1973,Indonesia,307.0773852,130.9799744
1974,Indonesia,310.3151008,202.4270418
1975,Indonesia,314.6231359,233.0392936
1976,Indonesia,320.8218837,278.1058483
1977,Indonesia,347.8682145,333.5873079
1978,Indonesia,363.4595946,365.8010591
1979,Indonesia,371.4505535,356.8131282
1980,Indonesia,377.6794369,491.4377788
1981,Indonesia,388.2874315,566.4252915
1982,Indonesia,388.8344722,583.5261716
1983,Indonesia,387.0965442,512.8452045
1984,Indonesia,393.5147261,525.2291405
1985,Indonesia,398.9132961,516.8678062
1986,Indonesia,431.1886867,474.780945
1987,Indonesia,436.6690265,442.1481187
1988,Indonesia,440.1840445,481.7127613
1989,Indonesia,456.7099592,529.9316609
1990,Indonesia,543.704869,585.0010311
1991,Indonesia,560.5153062,631.7004457
1992,Indonesia,574.4847501,681.8428679
1993,Indonesia,620.7103263,827.782351
1994,Indonesia,611.7072965,912.0724734
1995,Indonesia,664.3573418,1026.270493
1996,Indonesia,678.2716786,1137.332724
1997,Indonesia,691.002222,1063.712266
1998,Indonesia,666.3999537,463.9685753
1999,Indonesia,688.3820119,671.107022
2000,Indonesia,735.8208629,780.0920744
2001,Indonesia,742.6967785,747.9817455
2002,Indonesia,759.6425519,899.5556857
2003,Indonesia,751.3089447,1064.509447
2004,Indonesia,789.9269918,1148.569096
2005,Indonesia,792.9268815,1260.928834
2006,Indonesia,800.5394421,1586.20504
2007,Indonesia,785.9927772,1855.093915
2008,Indonesia,790.7844196,2160.527605
2009,Indonesia,843.4525271,2254.445592
2010,Indonesia,874.5806371,3113.480635
2011,Indonesia,831.5560284,3634.276805
2012,Indonesia,851.7314336,3687.953996
2013,Indonesia,863.0435104,3620.663981
2014,Indonesia,883.910977,3491.595887
1971,India,268.1234163,117.3607381
1972,India,268.0818374,121.6922886
1973,India,269.3777667,142.2700813
1974,India,273.5007796,161.7630106
1975,India,276.7076518,156.380095
1976,India,281.2676538,159.4077985
1977,India,282.7814992,184.2728749
1978,India,280.219429,203.5587046
1979,India,286.4098231,221.6879474
1980,India,287.0547568,263.8407198
1981,India,294.6755482,267.7110103
1982,India,299.052474,271.3335961
1983,India,301.700567,288.3071697
1984,India,307.1032391,273.9018266
1985,India,315.9830707,293.4886471
1986,India,319.982031,307.395346
1987,India,325.0288411,337.0639962
1988,India,335.4503175,350.6727391
1989,India,343.9332997,342.7238981
1990,India,351.340769,363.9640873
1991,India,358.6618665,300.0966366
1992,India,364.3951392,313.8601101
1993,India,365.8344205,298.2176638
1994,India,372.564551,342.7175187
1995,India,386.4709924,370.1013553
1996,India,390.8077708,396.0146123
1997,India,398.7705197,411.3877208
1998,India,400.8788435,409.1943859
1999,India,416.3739694,437.5861178
2000,India,418.6842801,438.8646304
2001,India,417.3819934,447.0138966
2002,India,422.6273282,466.2008042
2003,India,425.6327906,541.1352279
2004,India,441.0647829,621.3183767
2005,India,451.1383065,707.008019
2006,India,467.5457576,792.0259698
2007,India,486.5504816,1018.166373
2008,India,503.0355807,991.4846304
2009,India,546.1767267,1090.317765
2010,India,563.1592957,1345.770153
2011,India,579.4087432,1461.671957
2012,India,600.4432348,1446.98541
2013,India,606.8742801,1452.195373
2014,India,637.4286299,1576.004018
1971,Iraq,391.5235938,376.8899272
1972,Iraq,404.4744051,388.1045433
1973,Iraq,424.8396016,468.8421103
1974,Iraq,447.1503376,1018.073913
1975,Iraq,521.1285566,1151.817729
1976,Iraq,624.5393667,1471.211339
1977,Iraq,625.544643,1592.028539
1978,Iraq,690.7870026,1847.896567
1979,Iraq,798.8151729,2852.39336
1980,Iraq,712.1441791,3911.543003
1981,Iraq,684.6641949,2735.548508
1982,Iraq,690.2928175,2950.159183
1983,Iraq,810.5012826,2738.137352
1984,Iraq,835.6594761,3077.998472
1985,Iraq,945.0270746,3099.881525
1986,Iraq,998.7721172,2957.240514
1987,Iraq,969.9631354,3475.096661
1988,Iraq,1144.170419,3753.529911
1989,Iraq,1231.894245,3852.149758
1990,Iraq,1147.367638,10297.42767
1991,Iraq,889.2650304,
1992,Iraq,1284.360539,
1993,Iraq,1623.025548,
1994,Iraq,1783.99845,
1995,Iraq,1661.882762,
1996,Iraq,1613.000988,
1997,Iraq,1860.04355,
1998,Iraq,1286.279334,
1999,Iraq,964.1346532,
2000,Iraq,1101.752428,
2001,Iraq,1196.873211,
2002,Iraq,1106.754244,
2003,Iraq,989.6485145,
2004,Iraq,991.8133069,1391.816923
2005,Iraq,978.5947911,1849.603911
2006,Iraq,900.3814439,2351.812429
2007,Iraq,893.8298687,3129.224922
2008,Iraq,944.2122656,4521.03247
2009,Iraq,1101.9858,3735.144836
2010,Iraq,1219.372447,4502.749048
2011,Iraq,1293.563666,5854.614497
2012,Iraq,1399.274988,6651.12242
2013,Iraq,1456.662804,6925.224046
2014,Iraq,1413.496256,6703.074737
1971,Iceland,4378.310318,3203.921524
1972,Iceland,4403.969647,3955.365304
1973,Iceland,5268.965745,5356.790716
1974,Iceland,5132.197074,6936.249746
1975,Iceland,5071.635341,6358.561702
1976,Iceland,5085.581002,7470.932723
1977,Iceland,5602.870166,9809.743374
1978,Iceland,5710.710084,11070.26855
1979,Iceland,6515.059694,12453.37595
1980,Iceland,6560.998168,14602.23653
1981,Iceland,7178.869364,14913.00246
1982,Iceland,7076.207988,13508.60327
1983,Iceland,7254.286281,11498.89683
1984,Iceland,7531.269963,11782.36506
1985,Iceland,7334.901928,12178.06192
1986,Iceland,7605.56378,16163.0001
1987,Iceland,7857.454883,22120.5548
1988,Iceland,7882.473773,24089.7289
1989,Iceland,7983.037508,22101.9925
1990,Iceland,8907.791984,25008.84946
1991,Iceland,8054.356723,26405.91589
1992,Iceland,7755.394416,26722.44119
1993,Iceland,8249.536449,23230.4718
1994,Iceland,8293.412926,23662.80668
1995,Iceland,8255.768914,26239.0273
1996,Iceland,8847.785182,27261.17166
1997,Iceland,8584.100499,27842.61347
1998,Iceland,9036.654297,30847.6437
1999,Iceland,10038.31192,32148.15015
2000,Iceland,11091.54887,31746.02314
2001,Iceland,10589.46619,28551.78527
2002,Iceland,10804.64172,32024.1856
2003,Iceland,10731.32864,39086.77319
2004,Iceland,10524.2507,46984.06654
2005,Iceland,10524.8775,56250.68281
2006,Iceland,12734.00662,56121.32242
2007,Iceland,14746.03134,68428.34821
2008,Iceland,16353.83127,55632.10432
2009,Iceland,16911.07978,40640.9902
2010,Iceland,17023.16682,41851.73548
2011,Iceland,18157.5981,46181.95294
2012,Iceland,17630.07147,44562.81802
2013,Iceland,18178.13901,48023.62691
2014,Iceland,17916.12042,52855.14048
1971,Israel,1870.109156,2186.054089
1972,Israel,1756.331004,2786.3723
1973,Israel,2368.436852,3453.85906
1974,Israel,1732.933373,4836.91146
1975,Israel,2032.764399,4443.945972
1976,Israel,1832.148033,4295.74724
1977,Israel,1786.487683,4806.448934
1978,Israel,1849.399187,4562.665391
1979,Israel,2005.813524,5680.190174
1980,Israel,2017.276947,6228.614912
1981,Israel,1840.735339,6463.271424
1982,Israel,1958.317043,6903.016029
1983,Israel,1793.922046,7571.118027
1984,Israel,1828.539072,7008.526685
1985,Israel,1788.996693,6495.060591
1986,Israel,2102.245871,7928.246614
1987,Israel,2278.479286,9372.035791
1988,Israel,2451.745835,11273.92344
1989,Israel,2488.923417,11040.60071
1990,Israel,2460.465451,12658.15406
1991,Israel,2324.539301,13645.22534
1992,Israel,2580.969354,14752.27463
1993,Israel,2634.674016,14437.30115
1994,Israel,2738.399704,15985.76329
1995,Israel,2796.251578,18096.16222
1996,Israel,2801.208363,19317.87104
1997,Israel,2881.128341,19658.13263
1998,Israel,2885.726511,19423.75323
1999,Israel,2737.736653,19133.0482
2000,Israel,2899.426618,21042.9816
2001,Israel,2973.042708,20299.13773
2002,Israel,2862.795738,18427.60702
2003,Israel,2949.300417,18964.22364
2004,Israel,2821.996916,19892.05951
2005,Israel,2661.449185,20557.12408
2006,Israel,2882.399025,21827.82317
2007,Israel,2898.153368,24889.16836
2008,Israel,3129.127764,29531.57216
2009,Israel,2873.876109,27709.11754
2010,Israel,3042.434021,30642.94062
2011,Israel,2980.176157,33689.83853
2012,Israel,3067.742494,32525.95659
2013,Israel,2870.098765,36291.23211
2014,Israel,2762.505934,37539.95182
1971,Italy,1949.148723,2298.004539
1972,Italy,2050.737877,2662.326351
1973,Italy,2175.587546,3194.679281
1974,Italy,2212.206692,3609.201197
1975,Italy,2106.078748,4093.446604
1976,Italy,2264.057187,4019.795861
1977,Italy,2204.179807,4588.414345
1978,Italy,2247.565517,5591.991427
1979,Italy,2340.042035,6967.227773
1980,Italy,2318.4273,8429.023153
1981,Italy,2265.93109,7597.688799
1982,Italy,2206.542734,7531.597628
1983,Italy,2203.864188,7806.739007
1984,Italy,2253.718924,7714.185204
1985,Italy,2284.811298,7964.328637
1986,Italy,2311.548072,11277.69168
1987,Italy,2407.256353,14187.77425
1988,Italy,2462.796778,15692.72623
1989,Italy,2566.108925,16332.60949
1990,Italy,2583.888077,20757.08868
1991,Italy,2645.673237,21884.10437
1992,Italy,2627.340008,23166.80406
1993,Italy,2611.990438,18676.95258
1994,Italy,2578.465978,19273.84417
1995,Italy,2799.375762,20596.38858
1996,Italy,2796.154736,23020.09994
1997,Italy,2834.402946,21779.62437
1998,Italy,2912.947365,22252.35809
1999,Italy,2957.311486,21936.82313
2000,Italy,3012.195,20051.24215
2001,Italy,3020.621195,20400.81111
2002,Italy,3037.266965,22196.50675
2003,Italy,3168.529021,27387.22632
2004,Italy,3169.932642,31174.56109
2005,Italy,3214.674121,31959.26295
2006,Italy,3175.799871,33410.74744
2007,Italy,3149.576553,37698.78665
2008,Italy,3087.566331,40640.18386
2009,Italy,2869.920712,36976.84553
2010,Italy,2930.588524,35849.3732
2011,Italy,2828.404891,38334.68385
2012,Italy,2709.297728,34814.12512
2013,Italy,2579.472543,35370.27526
2014,Italy,2414.484002,35396.66572
1971,Japan,2531.088536,2272.077802
1972,Japan,2667.04675,2967.041996
1973,Japan,2964.208218,3997.84112
1974,Japan,2924.245711,4353.824355
1975,Japan,2725.159326,4659.120115
1976,Japan,2876.800853,5197.806697
1977,Japan,2899.904218,6335.787627
1978,Japan,2898.338814,8821.843492
1979,Japan,3044.052844,9105.136097
1980,Japan,2950.135346,9465.379714
1981,Japan,2864.368651,10361.32306
1982,Japan,2840.608439,9578.113803
1983,Japan,2823.877099,10425.40682
1984,Japan,3017.815203,10984.86583
1985,Japan,3005.238104,11584.64933
1986,Japan,3020.560481,17111.85373
1987,Japan,3044.115086,20745.25209
1988,Japan,3242.678688,25051.85432
1989,Japan,3350.726291,24813.29938
1990,Japan,3551.161773,25359.34702
1991,Japan,3575.246092,28925.04158
1992,Japan,3649.944321,31464.54905
1993,Japan,3664.568358,35765.91409
1994,Japan,3850.962444,39268.56687
1995,Japan,3935.994754,43440.36787
1996,Japan,4008.476236,38436.92631
1997,Japan,4041.16767,35021.71909
1998,Japan,3955.627627,31902.7671
1999,Japan,4011.224779,36026.55608
2000,Japan,4083.831697,38532.04088
2001,Japan,4008.268032,33846.46564
2002,Japan,3991.977567,32289.35054
2003,Japan,3953.184508,34808.39092
2004,Japan,4078.210542,37688.72234
2005,Japan,4062.979049,37217.64873
2006,Japan,4053.883437,35433.98896
2007,Japan,4012.654245,35275.22843
2008,Japan,3858.434521,39339.29757
2009,Japan,3678.511133,40855.17564
2010,Japan,3893.266604,44507.67639
2011,Japan,3610.812169,48167.99727
2012,Japan,3537.36317,48603.47665
2013,Japan,3567.629354,40454.44746
2014,Japan,3470.763129,38109.41211
1971,"Korea. Rep.",516.1107493,300.7648371
1972,"Korea. Rep.",551.2581164,323.5961525
1973,"Korea. Rep.",632.250969,405.8829266
1974,"Korea. Rep.",675.2741086,561.5671868
1975,"Korea. Rep.",693.3380479,615.2014185
1976,"Korea. Rep.",758.2438194,830.6991851
1977,"Korea. Rep.",866.0208045,1050.898003
1978,"Korea. Rep.",935.264924,1398.478756
1979,"Korea. Rep.",1063.677945,1773.526846
1980,"Korea. Rep.",1082.192595,1704.469739
1981,"Korea. Rep.",1046.414133,1870.338734
1982,"Korea. Rep.",1095.503315,1977.641636
1983,"Korea. Rep.",1168.980654,2180.494844
1984,"Korea. Rep.",1257.116476,2390.673152
1985,"Korea. Rep.",1302.102371,2457.327997
1986,"Korea. Rep.",1477.312772,2803.368764
1987,"Korea. Rep.",1579.665746,3510.99002
1988,"Korea. Rep.",1761.014799,4686.137325
1989,"Korea. Rep.",1857.298321,5736.903807
1990,"Korea. Rep.",2167.339608,6516.305759
1991,"Korea. Rep.",2306.643472,7523.477002
1992,"Korea. Rep.",2534.341028,8001.540992
1993,"Korea. Rep.",2814.188231,8740.945603
1994,"Korea. Rep.",2958.40773,10205.80747
1995,"Korea. Rep.",3210.132036,12332.97935
1996,"Korea. Rep.",3454.854851,13137.90807
1997,"Korea. Rep.",3726.157766,12131.8747
1998,"Korea. Rep.",3377.635074,8085.323528
1999,"Korea. Rep.",3708.705213,10409.32689
2000,"Korea. Rep.",4002.671284,11947.57913
2001,"Korea. Rep.",4033.318968,11252.90755
2002,"Korea. Rep.",4170.476147,12782.52553
2003,"Korea. Rep.",4233.487325,14209.38852
2004,"Korea. Rep.",4332.667741,15907.66583
2005,"Korea. Rep.",4364.219091,18639.52221
2006,"Korea. Rep.",4412.527118,20888.38015
2007,"Korea. Rep.",4564.98783,23060.70788
2008,"Korea. Rep.",4629.777921,20430.63946
2009,"Korea. Rep.",4649.765742,18291.9196
2010,"Korea. Rep.",5045.487749,22086.95292
2011,"Korea. Rep.",5216.587809,24079.78852
2012,"Korea. Rep.",5248.519891,24358.78218
2013,"Korea. Rep.",5231.67546,25890.01867
2014,"Korea. Rep.",5289.275832,27811.36638
1971,Kuwait,7641.884959,4843.548836
1972,Kuwait,7913.634853,5208.495365
1973,Kuwait,7846.635187,5952.861796
1974,Kuwait,7060.327476,13478.76895
1975,Kuwait,6323.896033,11731.55334
1976,Kuwait,6455.749998,12056.15171
1977,Kuwait,6562.851708,12217.22249
1978,Kuwait,6743.810896,12626.99261
1979,Kuwait,8023.846584,19040.04248
1980,Kuwait,7617.569689,20868.74216
1981,Kuwait,7136.660589,17364.39948
1982,Kuwait,7585.792231,14277.62713
1983,Kuwait,7704.419355,13203.17132
1984,Kuwait,7609.605558,13103.55445
1985,Kuwait,8066.303276,12330.47364
1986,Kuwait,8271.504625,9750.902967
1987,Kuwait,8506.319712,11512.05444
1988,Kuwait,9894.824868,10148.91608
1989,Kuwait,11237.83365,11594.13742
1990,Kuwait,4338.508727,8776.741344
1991,Kuwait,1322.225066,5407.969783
1992,Kuwait,7704.419,14277.627
1993,Kuwait,9126.909,17696.139
1994,Kuwait,6562.852,17364.399
1995,Kuwait,9183.849263,16882.42146
1996,Kuwait,8915.139667,19300.86144
1997,Kuwait,8566.77961,17696.13876
1998,Kuwait,9142.511271,14126.8751
1999,Kuwait,9206.813669,15391.34574
2000,Kuwait,9126.908761,18389.38433
2001,Kuwait,9470.089672,16540.96761
2002,Kuwait,9582.17781,17789.41981
2003,Kuwait,10096.45349,22071.56961
2004,Kuwait,10583.84403,26921.08278
2005,Kuwait,11544.15553,35490.26132
2006,Kuwait,10795.26875,42717.55725
2007,Kuwait,10491.59147,45793.97614
2008,Kuwait,10825.76517,55571.99806
2009,Kuwait,11142.56073,37567.30121
2010,Kuwait,10699.31686,38497.61696
2011,Kuwait,10147.53446,48268.5912
2012,Kuwait,10953.22445,51264.07134
2013,Kuwait,9708.273017,48399.80782
2014,Kuwait,8956.820315,42996.31522
1971,Luxembourg,11863.08959,4591.747503
1972,Luxembourg,12009.57011,5680.129895
1973,Luxembourg,12648.56042,7709.729387
1974,Luxembourg,13023.88959,9282.808109
1975,Luxembourg,10504.9812,9008.02789
1976,Luxembourg,10668.56744,9825.238266
1977,Luxembourg,10278.55755,10855.98186
1978,Luxembourg,11096.00367,13493.85258
1979,Luxembourg,10458.11286,15740.2875
1980,Luxembourg,9774.650556,17113.84225
1981,Luxembourg,8526.037374,14324.89197
1982,Luxembourg,8057.809999,13034.81166
1983,Luxembourg,7576.207121,12810.21883
1984,Luxembourg,8112.675479,12554.41718
1985,Luxembourg,8346.926421,12921.95842
1986,Luxembourg,8163.548751,18789.65708
1987,Luxembourg,7942.948078,23234.56658
1988,Luxembourg,8158.433525,26108.34396
1989,Luxembourg,8699.936356,27556.36359
1990,Luxembourg,8874.105015,34645.14324
1991,Luxembourg,9353.421189,37007.43875
1992,Luxembourg,9262.081979,40965.74432
1993,Luxembourg,9266.942575,41479.0872
1994,Luxembourg,8823.252466,45481.8922
1995,Luxembourg,7705.407158,52831.25237
1996,Luxembourg,7711.178707,52571.93499
1997,Luxembourg,7409.850995,47042.34711
1998,Luxembourg,7066.88486,47584.46439
1999,Luxembourg,7266.97253,51654.4028
2000,Luxembourg,7676.837039,48735.99549
2001,Luxembourg,7982.850348,48179.42085
2002,Luxembourg,8204.726845,52930.64115
2003,Luxembourg,8549.502912,65445.88503
2004,Luxembourg,9387.437104,75716.35108
2005,Luxembourg,9428.811286,80289.69641
2006,Luxembourg,9170.532565,89739.7117
2007,Luxembourg,8773.896703,106018.4928
2008,Luxembourg,8612.233705,114293.8433
2009,Luxembourg,7951.723944,103198.6693
2010,Luxembourg,8329.478275,104965.3061
2011,Luxembourg,8056.404301,115761.5077
2012,Luxembourg,7722.190204,106749.0136
2013,Luxembourg,7312.154005,113625.1329
2014,Luxembourg,6861.106667,119225.38
1971,Morocco,180.7418617,265.2671534
1972,Morocco,190.6596842,302.5983944
1973,Morocco,206.7024983,364.6223686
1974,Morocco,219.383872,438.9164085
1975,Morocco,222.4733873,502.5448329
1976,Morocco,235.0247002,523.837337
1977,Morocco,252.5016262,589.7001079
1978,Morocco,261.422373,689.3818559
1979,Morocco,272.3025386,808.5414825
1980,Morocco,270.0741919,1077.242942
1981,Morocco,264.7594403,860.4683258
1982,Morocco,268.9601728,835.1401895
1983,Morocco,273.1369326,748.8667871
1984,Morocco,275.1745766,667.3331806
1985,Morocco,274.2204771,659.8335018
1986,Morocco,276.7861793,838.4335711
1987,Morocco,278.1805726,918.6288626
1988,Morocco,286.3479903,1063.760775
1989,Morocco,305.1065364,1068.325714
1990,Morocco,306.2193558,1202.567531
1991,Morocco,315.9846314,1263.06008
1992,Morocco,328.8042174,1295.422632
1993,Morocco,335.4222712,1195.595322
1994,Morocco,353.4285085,1322.8704
1995,Morocco,344.889307,1428.066182
1996,Morocco,357.381737,1556.786387
1997,Morocco,363.5509233,1393.224149
1998,Morocco,365.9284032,1469.031945
1999,Morocco,384.4227127,1444.989055
2000,Morocco,381.9412047,1332.382358
2001,Morocco,400.2777139,1336.775376
2002,Morocco,402.2984194,1413.757176
2003,Morocco,396.0797464,1721.973863
2004,Morocco,464.6797961,1948.812275
2005,Morocco,486.3576211,2013.755559
2006,Morocco,489.0107811,2191.478567
2007,Morocco,498.5971092,2494.353552
2008,Morocco,511.6337686,2884.94776
2009,Morocco,508.9911981,2861.554005
2010,Morocco,527.0243831,2834.20472
2011,Morocco,560.1093502,3039.916016
2012,Morocco,559.9277658,2904.746728
2013,Morocco,554.1448044,3111.762887
2014,Morocco,553.1039584,3154.513484
1971,Mexico,799.9571434,729.7269384
1972,Mexico,856.8416961,814.7351558
1973,Mexico,917.5160688,965.0739089
1974,Mexico,946.6381888,1218.517547
1975,Mexico,971.6144422,1445.646984
1976,Mexico,1010.63847,1421.60052
1977,Mexico,1063.644972,1271.474634
1978,Mexico,1158.897053,1552.101676
1979,Mexico,1240.068478,1987.32863
1980,Mexico,1371.297644,2957.562153
1981,Mexico,1430.555077,3718.145871
1982,Mexico,1463.949722,2542.737149
1983,Mexico,1348.745901,2104.669325
1984,Mexico,1379.776646,2431.512599
1985,Mexico,1404.003896,2523.500591
1986,Mexico,1338.689572,1704.587166
1987,Mexico,1380.498506,1832.734718
1988,Mexico,1370.446677,2212.510711
1989,Mexico,1404.018472,2645.235944
1990,Mexico,1448.968363,3060.685213
1991,Mexico,1491.302896,3596.386019
1992,Mexico,1474.000541,4088.309214
1993,Mexico,1469.468613,5526.860507
1994,Mexico,1474.087108,5715.409999
1995,Mexico,1401.229536,3828.717023
1996,Mexico,1407.545547,4294.978983
1997,Mexico,1456.876383,5143.96112
1998,Mexico,1474.174242,5327.811901
1999,Mexico,1494.359479,5984.341068
2000,Mexico,1474.592344,6959.388717
2001,Mexico,1506.720352,7341.882478
2002,Mexico,1495.442583,7398.80102
2003,Mexico,1565.077651,6903.949188
2004,Mexico,1562.085315,7310.961631
2005,Mexico,1646.774813,8089.409036
2006,Mexico,1659.516347,8859.715354
2007,Mexico,1622.971122,9412.827939
2008,Mexico,1580.662138,9765.717028
2009,Mexico,1557.400198,7792.24773
2010,Mexico,1489.637449,9016.457927
2011,Mexico,1541.834073,9912.582362
2012,Mexico,1586.612978,9940.468561
2013,Mexico,1567.683404,10400.56316
2014,Mexico,1513.259208,10582.41053
1971,Norway,3414.316639,3736.348737
1972,Norway,3503.429948,4413.575692
1973,Norway,3608.101223,5689.588807
1974,Norway,3580.59955,6811.527337
1975,Norway,3651.680815,8204.451512
1976,Norway,3962.232921,8927.201627
1977,Norway,4060.106277,10266.12067
1978,Norway,4360.470706,11462.64159
1979,Norway,4467.19363,13046.53722
1980,Norway,4491.906981,15772.24091
1981,Norway,4414.964063,15512.5067
1982,Norway,4262.391711,15224.89391
1983,Norway,4427.792925,14927.51748
1984,Norway,4672.13755,14989.48577
1985,Norway,4815.313896,15753.55277
1986,Norway,5024.076188,18883.2658
1987,Norway,5048.499309,22505.89771
1988,Norway,4817.155673,24207.28147
1989,Norway,4984.198116,24281.09614
1990,Norway,4966.893577,28242.94374
1991,Norway,5105.108205,28596.933
1992,Norway,5159.648619,30523.98506
1993,Norway,5459.623408,27963.66522
1994,Norway,5315.24487,29315.84191
1995,Norway,5391.414081,34875.19739
1996,Norway,5202.047275,37321.44339
1997,Norway,5475.188739,36628.51742
1998,Norway,5684.788594,34788.77856
1999,Norway,5913.302209,36371.39579
2000,Norway,5826.077769,38146.71539
2001,Norway,5954.041771,38549.58934
2002,Norway,5501.117744,43061.15038
2003,Norway,5933.215841,50111.65445
2004,Norway,5769.326707,57570.26916
2005,Norway,5802.71629,66775.3944
2006,Norway,5833.773935,74114.69715
2007,Norway,5862.217261,85170.86217
2008,Norway,6752.708982,97007.94189
2009,Norway,6484.118585,80067.17664
2010,Norway,6934.590199,87770.26684
2011,Norway,5649.697724,100711.2248
2012,Norway,5906.141048,101668.1707
2013,Norway,6415.990714,103059.2482
2014,Norway,5595.654625,97199.9191
1971,Nepal,298.7418579,72.09916683
1972,Nepal,300.6922956,81.93164703
1973,Nepal,303.3934231,76.15393652
1974,Nepal,302.9795703,93.39845199
1975,Nepal,302.0786573,118.2508817
1976,Nepal,300.889208,106.6574596
1977,Nepal,301.7947389,99.26570379
1978,Nepal,301.6798275,112.6407628
1979,Nepal,304.8195366,127.087889
1980,Nepal,306.1133474,130.5794725
1981,Nepal,304.3056566,149.2282657
1982,Nepal,305.5270645,153.4820036
1983,Nepal,308.3090341,153.1933431
1984,Nepal,308.874549,157.8986466
1985,Nepal,304.6859846,156.656353
1986,Nepal,307.9691314,166.7014708
1987,Nepal,306.9108315,169.1704562
1988,Nepal,307.1911321,195.0920171
1989,Nepal,304.125495,192.7037175
1990,Nepal,308.7654084,193.4761241
1991,Nepal,310.5564162,203.7653978
1992,Nepal,309.6165972,172.0062101
1993,Nepal,309.2311345,180.109746
1994,Nepal,311.8230442,194.8890676
1995,Nepal,313.6839384,205.6938414
1996,Nepal,313.7912192,206.4330066
1997,Nepal,316.8993046,219.684466
1998,Nepal,318.4957936,212.4689465
1999,Nepal,329.5370281,215.9805921
2000,Nepal,341.5081671,231.4255004
2001,Nepal,346.6045151,248.618098
2002,Nepal,344.6766718,246.3075621
2003,Nepal,348.9683204,253.7200412
2004,Nepal,348.9786364,287.4001056
2005,Nepal,356.1434394,317.089198
2006,Nepal,351.9955847,348.6314534
2007,Nepal,355.0679125,393.8843518
2008,Nepal,363.8664944,473.8444409
2009,Nepal,370.9151788,480.7200909
2010,Nepal,377.8467319,592.1835216
2011,Nepal,386.7382131,692.1166842
2012,Nepal,365.362293,681.7925868
2013,Nepal,401.3713981,688.6172788
2014,Nepal,412.724483,706.2386977
1971,Pakistan,285.4551248,177.6271771
1972,Pakistan,285.1779903,151.7667702
1973,Pakistan,291.2892512,100.3002884
1974,Pakistan,300.046386,135.2384426
1975,Pakistan,304.6913243,169.7912357
1976,Pakistan,299.1966515,193.8360824
1977,Pakistan,302.5904928,213.2045555
1978,Pakistan,305.4667155,243.460837
1979,Pakistan,312.8963384,260.7990451
1980,Pakistan,317.1546515,303.4489557
1981,Pakistan,328.8687075,348.2239075
1982,Pakistan,336.8487543,368.2144528
1983,Pakistan,343.5264626,332.4759569
1984,Pakistan,343.3534446,349.1223981
1985,Pakistan,349.8926496,337.726019
1986,Pakistan,353.4679985,334.8475502
1987,Pakistan,376.1306373,339.0848412
1988,Pakistan,382.7060473,379.13579
1989,Pakistan,392.2216489,384.086429
1990,Pakistan,398.405481,371.5726219
1991,Pakistan,397.2694315,410.4740209
1992,Pakistan,411.9303664,427.5727635
1993,Pakistan,421.7290069,440.9293265
1994,Pakistan,427.9854139,433.2885836
1995,Pakistan,435.8736088,493.661508
1996,Pakistan,447.3937043,502.7867074
1997,Pakistan,448.0860414,483.6529366
1998,Pakistan,446.8247226,470.2489295
1999,Pakistan,460.8049621,465.0757661
2000,Pakistan,462.4698873,533.8624114
2001,Pakistan,459.7973889,510.6568157
2002,Pakistan,455.1508075,499.8600033
2003,Pakistan,465.9840297,563.594342
2004,Pakistan,489.3707467,649.8048233
2005,Pakistan,497.120431,711.4699463
2006,Pakistan,507.3739962,873.7702727
2007,Pakistan,523.7634649,950.4327931
2008,Pakistan,504.5500706,1039.312088
2009,Pakistan,501.6978253,1006.603999
2010,Pakistan,498.4769482,1040.142268
2011,Pakistan,491.7777217,1226.215314
2012,Pakistan,487.0444964,1261.208967
2013,Pakistan,488.4269635,1272.441061
2014,Pakistan,484.4452184,1316.980966
1971,Qatar,7753.32429,3246.416836
1972,Qatar,7800.994377,3909.019418
1973,Qatar,10071.44213,5581.262562
1974,Qatar,8008.835164,15623.55715
1975,Qatar,12413.72641,15283.36587
1976,Qatar,8790.883361,18893.1023
1977,Qatar,9513.897491,19828.55013
1978,Qatar,8442.317003,21093.95143
1979,Qatar,13717.73828,27436.16
1980,Qatar,14799.60675,34986.45788
1981,Qatar,16709.53156,34904.18371
1982,Qatar,17338.6963,27385.77057
1983,Qatar,16047.85462,20898.29135
1984,Qatar,16474.84734,19634.78591
1985,Qatar,15217.33799,16582.08439
1986,Qatar,15073.61559,12698.20459
1987,Qatar,14647.59756,12895.80856
1988,Qatar,14576.09161,13605.83296
1989,Qatar,14350.31286,14047.05239
1990,Qatar,13698.28627,15448.66548
1991,Qatar,14814.29196,14120.29449
1992,Qatar,15239.44688,15430.65926
1993,Qatar,15621.9979,14268.49837
1994,Qatar,15509.50019,14542.54286
1995,Qatar,15870.8397,15849.31879
1996,Qatar,16555.07138,17344.95693
1997,Qatar,19031.75411,21132.8714
1998,Qatar,19388.47992,18631.78792
1999,Qatar,19875.20876,21763.45098
2000,Qatar,18438.15036,29986.29015
2001,Qatar,19562.26434,28430.63635
2002,Qatar,21142.15244,29990.65492
2003,Qatar,20523.32316,34176.98183
2004,Qatar,21959.43626,41818.35256
2005,Qatar,19268.69458,51488.49529
2006,Qatar,19389.46557,60256.55926
2007,Qatar,18607.43355,67005.61258
2008,Qatar,16371.35277,82967.37228
2009,Qatar,15233.91921,61478.23813
2010,Qatar,15531.77601,70306.22784
2011,Qatar,16030.60725,85948.07046
2012,Qatar,18055.61139,88564.82298
2013,Qatar,17926.71807,88304.87958
2014,Qatar,18562.66691,86852.71019
1971,Russian Federation,,
1972,Russian Federation,,
1973,Russian Federation,,
1974,Russian Federation,,
1975,Russian Federation,,
1976,Russian Federation,,
1977,Russian Federation,,
1978,Russian Federation,,
1979,Russian Federation,,
1980,Russian Federation,,
1981,Russian Federation,,
1982,Russian Federation,,
1983,Russian Federation,,
1984,Russian Federation,,
1985,Russian Federation,,
1986,Russian Federation,,
1987,Russian Federation,,
1988,Russian Federation,,
1989,Russian Federation,4493.695,3428.762153
1990,Russian Federation,5928.660986,3485.112306
1991,Russian Federation,5861.15803,3485.056
1992,Russian Federation,5351.077074,3095.659779
1993,Russian Federation,5057.778845,2929.462119
1994,Russian Federation,4428.814206,2663.394599
1995,Russian Federation,4290.695231,2665.739722
1996,Russian Federation,4252.614116,2643.897696
1997,Russian Federation,4069.688778,2737.556662
1998,Russian Federation,3981.501949,1834.846937
1999,Russian Federation,4136.761934,1330.751464
2000,Russian Federation,4224.286188,1771.586602
2001,Russian Federation,4288.394353,2100.362386
2002,Russian Federation,4288.207161,2375.059044
2003,Russian Federation,4461.316454,2975.132778
2004,Russian Federation,4493.695387,4102.372294
2005,Russian Federation,4540.917363,5323.473877
2006,Russian Federation,4688.394596,6920.194398
2007,Russian Federation,4709.845744,9101.253085
2008,Russian Federation,4823.126535,11635.26037
2009,Russian Federation,4531.286685,8562.809598
2010,Russian Federation,4819.041423,10674.98771
2011,Russian Federation,5049.428043,14351.21205
2012,Russian Federation,5167.011977,15434.57478
2013,Russian Federation,5078.629314,16007.08999
2014,Russian Federation,4942.875517,14125.90873
1971,Saudi Arabia,1206.048064,1177.652912
1972,Saudi Arabia,977.617552,1511.466643
1973,Saudi Arabia,1077.265514,2226.270427
1974,Saudi Arabia,1146.43676,6433.037132
1975,Saudi Arabia,1180.410632,6296.303434
1976,Saudi Arabia,1300.452906,8186.319712
1977,Saudi Arabia,1379.557253,9012.611634
1978,Saudi Arabia,1967.691686,9247.361643
1979,Saudi Arabia,2445.598244,12185.65301
1980,Saudi Arabia,3192.868529,16892.3634
1981,Saudi Arabia,4081.19297,17777.35338
1982,Saudi Arabia,4291.356507,13870.19442
1983,Saudi Arabia,4406.54074,10980.39996
1984,Saudi Arabia,3660.761618,9581.511759
1985,Saudi Arabia,3487.24088,7877.544967
1986,Saudi Arabia,3312.823221,6270.231994
1987,Saudi Arabia,3781.046644,5899.619098
1988,Saudi Arabia,4148.768118,5823.475825
1989,Saudi Arabia,3990.986005,6051.332708
1990,Saudi Arabia,3552.714292,7204.728651
1991,Saudi Arabia,4002.95201,7838.784024
1992,Saudi Arabia,4426.463906,7888.209563
1993,Saudi Arabia,4471.446073,7445.115492
1994,Saudi Arabia,4588.954344,7382.132166
1995,Saudi Arabia,4510.416639,7650.739369
1996,Saudi Arabia,4728.228168,8293.220703
1997,Saudi Arabia,4422.53651,8508.518662
1998,Saudi Arabia,4623.704474,7382.1606
1999,Saudi Arabia,4611.619773,7968.548574
2000,Saudi Arabia,4712.743673,9126.954277
2001,Saudi Arabia,4715.132077,8643.494005
2002,Saudi Arabia,5078.498896,8655.311531
2003,Saudi Arabia,4990.770124,9567.458285
2004,Saudi Arabia,5157.480362,11138.80746
2005,Saudi Arabia,5126.341367,13739.82945
2006,Saudi Arabia,5525.01843,15334.66994
2007,Saudi Arabia,5556.713378,16472.16605
2008,Saudi Arabia,6034.523262,20037.83234
2009,Saudi Arabia,6250.328114,16094.2931
2010,Saudi Arabia,6763.336882,19259.58726
2011,Saudi Arabia,6307.892055,23770.74739
2012,Saudi Arabia,6888.066388,25303.09462
2013,Saudi Arabia,6417.917148,24934.38614
2014,Saudi Arabia,6937.230677,24575.40304
1971,Sweden,4450.382511,5060.342739
1972,Sweden,4527.21372,5942.148771
1973,Sweden,4773.811403,7198.271657
1974,Sweden,4510.443011,7975.850516
1975,Sweden,4764.499013,9974.657321
1976,Sweden,5151.251367,10715.03809
1977,Sweden,5054.833764,11287.19913
1978,Sweden,5016.74042,12442.57512
1979,Sweden,5229.618271,14667.40312
1980,Sweden,4871.533239,16856.76109
1981,Sweden,5097.154463,15366.66859
1982,Sweden,4877.799897,13545.25912
1983,Sweden,4941.267011,12430.45893
1984,Sweden,5216.257817,12914.33068
1985,Sweden,5656.192899,13474.16135
1986,Sweden,5878.801467,17727.49533
1987,Sweden,5763.070441,21485.29387
1988,Sweden,5854.499662,24188.76594
1989,Sweden,5594.552973,25300.39512
1990,Sweden,5514.55753,30162.31577
1991,Sweden,5650.541377,31374.11699
1992,Sweden,5369.370357,32338.50395
1993,Sweden,5334.166498,24080.89967
1994,Sweden,5660.271423,25747.24169
1995,Sweden,5702.165043,29914.33175
1996,Sweden,5825.097913,32587.2641
1997,Sweden,5672.008177,29897.79263
1998,Sweden,5769.695064,30143.62746
1999,Sweden,5661.491459,30577.08177
2000,Sweden,5360.145147,29283.00505
2001,Sweden,5680.280487,26969.24457
2002,Sweden,5802.110105,29571.70446
2003,Sweden,5650.43805,36961.42537
2004,Sweden,5847.344163,42442.22045
2005,Sweden,5711.127283,43085.35315
2006,Sweden,5529.077953,46256.4716
2007,Sweden,5472.135392,53324.37937
2008,Sweden,5379.959103,55746.84238
2009,Sweden,4883.20049,46207.0592
2010,Sweden,5427.925046,52076.25591
2011,Sweden,5274.643613,59593.28711
2012,Sweden,5269.485998,57134.07707
2013,Sweden,5146.53359,60283.24522
2014,Sweden,4966.435921,59180.19898
1971,Syrian Arab Republic,361.9220446,394.1421481
1972,Syrian Arab Republic,291.0985228,449.9439294
1973,Syrian Arab Republic,292.4838846,460.295068
1974,Syrian Arab Republic,363.4115991,708.4212256
1975,Syrian Arab Republic,405.1264419,905.9500887
1976,Syrian Arab Republic,443.5591947,979.3277657
1977,Syrian Arab Republic,476.8013097,954.7632405
1978,Syrian Arab Republic,504.0006391,1112.612528
1979,Syrian Arab Republic,631.7037825,1151.175406
1980,Syrian Arab Republic,499.9777175,1462.630341
1981,Syrian Arab Republic,576.2144014,1677.126244
1982,Syrian Arab Republic,666.8414627,1699.532805
1983,Syrian Arab Republic,737.8338755,1769.740953
1984,Syrian Arab Republic,820.0502106,1700.476019
1985,Syrian Arab Republic,735.4977616,1540.436791
1986,Syrian Arab Republic,730.9979252,1208.004425
1987,Syrian Arab Republic,787.4000119,999.5919067
1988,Syrian Arab Republic,790.6068664,902.5495583
1989,Syrian Arab Republic,769.8383437,815.6485164
1990,Syrian Arab Republic,840.8455098,988.9486722
1991,Syrian Arab Republic,889.7357119,1013.001286
1992,Syrian Arab Republic,827.2187523,1005.041364
1993,Syrian Arab Republic,808.2731509,1009.716411
1994,Syrian Arab Republic,820.0390302,725.6085921
1995,Syrian Arab Republic,843.3330833,794.445153
1996,Syrian Arab Republic,865.6753248,934.5505657
1997,Syrian Arab Republic,913.8041316,955.7091761
1998,Syrian Arab Republic,990.5490312,974.2751917
1999,Syrian Arab Republic,960.706457,991.1204287
2000,Syrian Arab Republic,940.8858701,1177.629268
2001,Syrian Arab Republic,944.7569285,1258.421953
2002,Syrian Arab Republic,963.2417697,1263.013455
2003,Syrian Arab Republic,949.882936,1253.391403
2004,Syrian Arab Republic,970.9179801,1408.852738
2005,Syrian Arab Republic,1136.499431,1577.457182
2006,Syrian Arab Republic,1143.509083,1762.246107
2007,Syrian Arab Republic,1153.211976,2058.035209
2008,Syrian Arab Republic,1136.533359,2557.21
2009,Syrian Arab Republic,1032.009672,2557.21
2010,Syrian Arab Republic,1030.496173,2806.69
2011,Syrian Arab Republic,953.4096374,
2012,Syrian Arab Republic,726.9747988,
2013,Syrian Arab Republic,587.4364264,
2014,Syrian Arab Republic,562.5354045,
1971,Trinidad and Tobago,2757.822842,937.668546
1972,Trinidad and Tobago,2772.885632,1118.339209
1973,Trinidad and Tobago,2685.520542,1331.986683
1974,Trinidad and Tobago,2682.520388,2048.067557
1975,Trinidad and Tobago,2294.997479,2414.920141
1976,Trinidad and Tobago,2513.208106,2437.859973
1977,Trinidad and Tobago,2808.505993,3018.642425
1978,Trinidad and Tobago,3328.188738,3379.451083
1979,Trinidad and Tobago,3398.717922,4304.534246
1980,Trinidad and Tobago,3527.043936,5745.680796
1981,Trinidad and Tobago,3686.286229,6341.703581
1982,Trinidad and Tobago,3648.183893,7264.26625
1983,Trinidad and Tobago,3721.302636,6818.225729
1984,Trinidad and Tobago,4142.438965,6712.050613
1985,Trinidad and Tobago,4347.690037,6299.207438
1986,Trinidad and Tobago,4493.944095,4049.187446
1987,Trinidad and Tobago,4188.631304,4014.04712
1988,Trinidad and Tobago,4558.476977,3732.15885
1989,Trinidad and Tobago,4394.351957,3562.107229
1990,Trinidad and Tobago,4900.006547,4147.638923
1991,Trinidad and Tobago,4838.271512,4315.696945
1992,Trinidad and Tobago,5286.282603,4395.644513
1993,Trinidad and Tobago,5030.995486,3752.380464
1994,Trinidad and Tobago,5036.347553,3956.758089
1995,Trinidad and Tobago,4899.904462,4246.382404
1996,Trinidad and Tobago,5779.262598,4577.004528
1997,Trinidad and Tobago,5437.908808,4551.321854
1998,Trinidad and Tobago,6304.78194,4786.92537
1999,Trinidad and Tobago,7348.544998,5383.552427
2000,Trinidad and Tobago,7759.753278,6430.947262
2001,Trinidad and Tobago,8635.762901,6935.721451
2002,Trinidad and Tobago,9356.802941,7049.626612
2003,Trinidad and Tobago,10413.69275,8804.518666
2004,Trinidad and Tobago,10876.63721,10290.51914
2005,Trinidad and Tobago,12426.38793,12323.12705
2006,Trinidad and Tobago,13798.83727,14096.18668
2007,Trinidad and Tobago,14608.00987,16529.65801
2008,Trinidad and Tobago,14117.1889,21189.12927
2009,Trinidad and Tobago,14203.1525,14506.58604
2010,Trinidad and Tobago,15109.18756,16683.42242
2011,Trinidad and Tobago,14791.36387,19004.15714
2012,Trinidad and Tobago,14346.84046,19083.21481
2013,Trinidad and Tobago,14537.4842,19713.37929
2014,Trinidad and Tobago,14446.74945,20081.52191
1971,Turkey,547.127806,455.1053041
1972,Turkey,603.2862017,558.421564
1973,Turkey,649.9432994,686.4906344
1974,Turkey,656.8477899,927.8001104
1975,Turkey,681.2173349,1136.376695
1976,Turkey,724.4870434,1275.958161
1977,Turkey,776.7657235,1427.373253
1978,Turkey,756.4633723,1549.646128
1979,Turkey,703.5491309,2079.222784
1980,Turkey,715.1489789,1564.24898
1981,Turkey,704.7918799,1579.075709
1982,Turkey,732.2256077,1402.408081
1983,Turkey,757.9530972,1310.256988
1984,Turkey,771.3419381,1246.825842
1985,Turkey,800.2803483,1368.402906
1986,Turkey,844.9393518,1510.678089
1987,Turkey,919.1970244,1705.89612
1988,Turkey,908.4106484,1745.366939
1989,Turkey,926.5934762,2021.861437
1990,Turkey,977.6642424,2794.353551
1991,Turkey,947.7563045,2735.710807
1992,Turkey,961.9322363,2842.373598
1993,Turkey,1004.13715,3180.192011
1994,Turkey,976.4889532,2270.340362
1995,Turkey,1052.699705,2897.870208
1996,Turkey,1126.18203,3053.950828
1997,Turkey,1166.228816,3144.389453
1998,Turkey,1169.881961,4496.509486
1999,Turkey,1131.092351,4108.114652
2000,Turkey,1201.087297,4316.561103
2001,Turkey,1094.197712,3119.606218
2002,Turkey,1139.392452,3660.07113
2003,Turkey,1178.443863,4718.455282
2004,Turkey,1204.721939,6040.879696
2005,Turkey,1240.166421,7384.259107
2006,Turkey,1354.67707,8034.611206
2007,Turkey,1436.844738,9709.721346
2008,Turkey,1401.349136,10850.87194
2009,Turkey,1370.788494,9036.268076
2010,Turkey,1474.669692,10672.40036
2011,Turkey,1546.203319,11340.82227
2012,Turkey,1585.400239,11720.31301
2013,Turkey,1542.968242,12542.72093
2014,Turkey,1577.827978,12127.46146
1971,United States,7644.524802,5623.443978
1972,United States,7940.997832,6109.925868
1973,United States,8163.603792,6741.332364
1974,United States,7909.58648,7242.441105
1975,United States,7656.263579,7820.065471
1976,United States,8100.562222,8611.401839
1977,United States,8285.570898,9471.306172
1978,United States,8438.403077,10587.28576
1979,United States,8327.041705,11695.55442
1980,United States,7942.253018,12597.66751
1981,United States,7647.538054,13993.16674
1982,United States,7259.078899,14438.97628
1983,United States,7199.118533,15561.4264
1984,United States,7443.320017,17134.28602
1985,United States,7456.262903,18269.42217
1986,United States,7376.096238,19115.05291
1987,United States,7622.173017,20100.85889
1988,United States,7849.75397,21483.23306
1989,United States,7890.287202,22922.43709
1990,United States,7671.773066,23954.47935
1991,United States,7631.467806,24405.16481
1992,United States,7677.401401,25492.95165
1993,United States,7709.496589,26464.85251
1994,United States,7757.830822,27776.63553
1995,United States,7763.755106,28782.17502
1996,United States,7844.468266,30068.23092
1997,United States,7828.581096,31572.69023
1998,United States,7803.697605,32949.19776
1999,United States,7923.223893,34620.9289
2000,United States,8056.86385,36449.85512
2001,United States,7827.886325,37273.6181
2002,United States,7843.344849,38166.03784
2003,United States,7794.23553,39677.19835
2004,United States,7881.578642,41921.80976
2005,United States,7846.499688,44307.92058
2006,United States,7697.652535,46437.06712
2007,United States,7758.165986,48061.53766
2008,United States,7488.081921,48401.42734
2009,United States,7056.783653,47001.55535
2010,United States,7161.165457,48375.40695
2011,United States,7028.58312,49793.71352
2012,United States,6869.497054,51450.95911
2013,United States,6901.786818,52782.08651
2014,United States,6955.524017,54696.72617
1971,Zimbabwe,1016.468471,407.1457497
1972,Zimbabwe,1000.908258,483.7049037
1973,Zimbabwe,1024.527487,577.8467216
1974,Zimbabwe,1003.873876,672.555267
1975,Zimbabwe,967.5118595,714.8055964
1976,Zimbabwe,990.114928,684.5540003
1977,Zimbabwe,932.8312539,671.247912
1978,Zimbabwe,899.0461545,649.1842978
1979,Zimbabwe,886.8123708,747.9942905
1980,Zimbabwe,906.2530883,932.2596107
1981,Zimbabwe,885.9760709,1077.96535
1982,Zimbabwe,859.268933,1105.958801
1983,Zimbabwe,847.2846997,967.1758497
1984,Zimbabwe,829.4857648,761.445387
1985,Zimbabwe,855.2646152,651.039658
1986,Zimbabwe,872.3985248,692.6673021
1987,Zimbabwe,920.059359,725.3857544
1988,Zimbabwe,901.4161571,813.6753821
1989,Zimbabwe,893.8796511,836.787602
1990,Zimbabwe,913.0081342,862.5865882
1991,Zimbabwe,943.7184162,827.4869403
1992,Zimbabwe,952.6127253,631.990604
1993,Zimbabwe,892.7297658,601.8668765
1994,Zimbabwe,869.4897197,619.8351382
1995,Zimbabwe,869.3319974,628.1849247
1996,Zimbabwe,850.801449,742.5726729
1997,Zimbabwe,828.5453019,728.4008356
1998,Zimbabwe,834.7594337,538.2848555
1999,Zimbabwe,877.5915727,568.4439527
2000,Zimbabwe,818.8795174,547.3588785
2001,Zimbabwe,807.1698057,548.0587312
2002,Zimbabwe,784.476812,507.3480034
2003,Zimbabwe,742.3135554,453.3511552
2004,Zimbabwe,717.1200244,454.3606654
2005,Zimbabwe,743.1335564,444.7605075
2006,Zimbabwe,750.1963348,414.796232
2007,Zimbabwe,723.9329241,396.9982166
2008,Zimbabwe,661.3147841,325.6785703
2009,Zimbabwe,661.5866553,699.8822643
2010,Zimbabwe,671.4989447,854.8476653
2011,Zimbabwe,712.5831735,980.2088242
2012,Zimbabwe,734.8366434,1163.418689
2013,Zimbabwe,749.6671096,1268.126633
2014,Zimbabwe,851.2716,1264.983826